epoch,all,hit
0,2.486853,0.0859
1,0.244186,0.8945
2,0.200361,0.9141
3,0.181999,0.9258
