epoch,all,hit
0,2.467105,0.1875
1,1.848452,0.2812
2,1.852957,0.4062
3,1.837193,0.3750
4,1.836245,0.5625
5,1.823181,0.4531
6,1.848215,0.2500
7,1.842181,0.3125
8,1.859155,0.3594
9,1.845529,0.2812
10,1.858291,0.3594
11,1.865193,0.3438
12,1.847469,0.4062
