epoch,all,hit
0,2.486639,0.0781
1,0.472410,0.8281
2,0.396768,0.8438
3,0.368629,0.8438
4,0.343415,0.8438
5,0.335022,0.8438
6,0.327891,0.8594
